id,image_url
3f174b85-aa8f-4fda-af94-dc81bec52ac9,https://lh3.googleusercontent.com/lDNe5t73QBuTVuEiRohLBEe1memX17Om9BO6OV6TMlQCzgaa5jZREnLwPy8B-c-gkZ0Knj8ha0LX1AP207Yh20UQmQeW10donwKECqhmg22_JN0J2w?cb=1746662400033=w360-e365
6288e892-4699-4a96-b923-baa39008cfd4,
dbb57d2c-1140-4c47-b9bf-01271171f783,
83d79add-5d19-424d-b4b7-448c70954672,"https://m.media-amazon.com/images/I/819-rtdhJHL._AC_UF350,350_QL80_.jpg"
8018c14d-dfd2-4673-8ec5-9bb94a983e77,https://images.ctfassets.net/nis7p59xqtob/yAJtlBpVDX4bkrvjDtQUM/4df903ae8808ecf9ecacbfddeb07c3cd/207_Low_Iron.jpg
a6c57058-346b-4c11-8129-e25d5aa10db7,https://images.ctfassets.net/nis7p59xqtob/yAJtlBpVDX4bkrvjDtQUM/4df903ae8808ecf9ecacbfddeb07c3cd/207_Low_Iron.jpg?w=1920&q=50
0c7961ba-ee59-4176-a8dc-503b752825bc,https://images.ctfassets.net/nis7p59xqtob/yAJtlBpVDX4bkrvjDtQUM/4df903ae8808ecf9ecacbfddeb07c3cd/207_Low_Iron.jpg?w=1920&q=50
c78f0c68-056f-483a-8050-8ad361208a6c,https://lh3.googleusercontent.com/6xxLGoITJSrmXK_mOCXWpp4NLDprY1QdOlRK9YF7MJxKXxRCjXPgA28CqyZ_NEjbCRC0nCfcKOPXs8asN41Da5bJc6E_ZJAx1aFl=w600-l100-sg-rj-c0xffffff
8a182ae0-2414-479a-8636-680e852e3f02,https://www.asaucykitchen.com/wp-content/uploads/2021/04/Coconut-Turmeric-Chicken-Thighs-2-720x540.jpg
1912038f-ad23-425c-8727-56319171d9c0,https://ak1.ostkcdn.com/images/products/is/images/direct/2211253c2899e41947a94a8b5c779d291614dcba/INK%2BIVY-Novak-Lounge-Chair.jpg?impolicy=medium
21b98bf7-4831-4089-a4f3-6d89a5e0e16d,
60f979a6-d8f1-45c0-8ad8-33494f96cb9e,
b9827b66-25e7-4836-b59b-3d602250373b,
06dca860-5036-4b5d-8526-3c86527f2435,
576c8706-3fbf-45be-84c5-c077f992ec2d,https://ak1.ostkcdn.com/images/products/is/images/direct/1b0e7d5e1e93919f556de0c3583b71676bb38cc9/Simple-Living-Newington-Solid-Wood-Cane-Dining-Chairs-%28Set-of-2%29.jpg
0269b69c-fd27-480f-b910-fd6cb01f98f9,https://images.ctfassets.net/nis7p59xqtob/yAJtlBpVDX4bkrvjDtQUM/4df903ae8808ecf9ecacbfddeb07c3cd/207_Low_Iron.jpg?w=1920&q=50
14ba684d-e443-41ac-9048-b9495fe9a8fb,
d328396b-ff43-40bf-95ff-88dd71fbcc19,
1f0a0fe4-4321-448d-96af-18812847d842,
4b964f37-e993-48e9-8881-f4fac337a907,
86f5731d-c784-4c35-8ccf-02d4356ebd01,
8cf2c54e-cad7-47ce-8168-80644605a87d,
4122d863-92dd-48bc-a959-7f555f2e34db,
b778c502-21c3-4a7c-aa5f-2f0239cf343e,
66d98cc7-c826-4753-a4dd-bc4284bcf602,
d714d7ab-dd60-4285-86f1-0c024d2d5e30,
17effac4-63b6-419d-b805-af708d9642af,
2b1ec42f-bfbd-4f30-a52a-56b89d764c32,
b7e9f95e-b750-4ffc-81f5-ed719789deca,
bc026004-8a24-4d4b-982b-9dd0ec308c93,
e9f7c8e7-86a3-4a21-8f7c-983bcdc8ab17,
03a19d4d-f1ed-4a10-a107-9a57f19abb37,
255ad940-8676-4684-9882-d97549ac8598,https://storage.googleapis.com/gweb-uniblog-publish-prod/images/gemini25prohero.width-800.format-webp.webp
a815cb11-1d74-4170-913b-c71ce9d735c8,"https://m.media-amazon.com/images/I/81g+zgexEEL._CR0,0,2048,1156_SR684,386_.jpg"
124a41db-dcca-4947-87e1-abe1ae01e379,https://images.ctfassets.net/nis7p59xqtob/yAJtlBpVDX4bkrvjDtQUM/4df903ae8808ecf9ecacbfddeb07c3cd/207_Low_Iron.jpg?w=1920&q=50
29b8588e-54eb-4378-9414-e981aab7cc5a,https://images.ctfassets.net/nis7p59xqtob/yAJtlBpVDX4bkrvjDtQUM/4df903ae8808ecf9ecacbfddeb07c3cd/207_Low_Iron.jpg
68e76ac5-5d97-42c5-a626-d5a8968270a9,https://i.ytimg.com/vi/Xnb0Fd7w0-4/hq720.jpg?sqp=-oaymwEhCK4FEIIDSFryq4qpAxMIARUAAAAAGAElAADIQj0AgKJD&rs=AOn4CLAX78cLyo4Mz08JXT9g1vPNUBjzwg
1a07beb3-7198-4fbc-ad60-f051123ef004,https://www.gstatic.com/marketing-cms/assets/images/a7/b3/84075d734d33a5c10620110f0737/google-bay-view-22-02-big-tha-4454-3-1-large.webp=w600
3a2f9628-3125-45ee-9e82-34ec611f4076,https://i.ytimg.com/vi/o7XAVmsUsvs/hqdefault.jpg?sqp=-oaymwEmCOADEOgC8quKqQMa8AEB-AH-CYAC0AWKAgwIABABGGMgYyhjMA8=&rs=AOn4CLD0c2X72RGQhhewUKMYJNI9F3Lsbg
b306835e-2002-4ce5-b3c0-9ac809930070,"https://m.media-amazon.com/images/I/91mMgLlbFAL._CR0,0,3024,1707_SR684,386_.jpg"
3199b17f-56d5-41f1-ada8-2089b5f1e7cb,
d7ebf85e-4105-4c88-abe8-c948405ff534,
607bf1f9-f723-449a-ae98-d5f27b027eac,
b9ee5a8d-c740-4a2d-a274-e79155b1a304,
e1a027d6-ce73-4105-9022-31029f949d77,
6722d9a8-bde7-44f2-9926-536f915dd718,
5ccf6468-75c5-45ad-ad3b-cf3c90bd643e,
616397de-a6f1-4999-889b-ad854b5755ac,
9d5047c0-12b8-4844-9a84-b836f94fac62,
c0cd093a-6627-4927-b5c4-ab37ca13d162,
9e08a7f1-bca7-4af4-9729-7ea2ffb4afaf,
47b7df53-6ff5-4e69-8b8b-b4cdccd9499b,
447876a9-fd17-4cfa-80c1-0a5edc0c6f9d,
68c2e821-06be-41c3-bb0e-4730c46b1f0c,
91ed792e-f1ee-4eae-8ffd-8bb97ae41a34,
7813dedf-669b-42ac-b532-c6a5db7977cf,
b21b6fa2-25d5-4fc1-8b1f-602d6a9ce45a,
8413ab84-279b-4f94-a756-dc3a98120758,
e6611612-52ea-4462-9285-d8ecb340c602,
5f1b3400-5e77-4694-bae5-dc24a68764db,
2d067178-bcf9-48a9-af66-d335117ca2c8,
37587967-ac96-472c-a495-0b1bd2d2bae6,
20d05866-f62a-4d0f-b5da-7d6f463b9d06,
3caf9680-5448-4d8d-96ce-d51f894094a4,
5170f12d-8dba-4167-b07e-54268f2d4cfa,
6d8b6aba-3fdf-48a0-88fd-3fdf6903d77c,
33f1f843-1710-4053-b523-a6dc90c255f7,
d6c4a4bc-bf35-4ce4-ac68-b02b84e39744,
a5a69452-f22f-4399-8560-e9038f231bac,
9267bb03-b819-4f98-9c0d-8b0d25c2978c,
fcc93ee6-d3aa-4a30-9381-23f9f6133b7d,
f7f26c73-fcad-4a4d-948e-91270d7aa569,
8b603ae7-198b-40ec-9291-bc06c7252f12,
a0b0b90d-0fdb-4d17-b220-9cd00d99b61b,
012f634d-d1f4-4581-bc2e-a225df021a0a,
7379d7a9-9b11-41fe-bc4c-1ace114a34ec,
38b32e44-b489-48ed-8cee-baf7ccbb470a,
24823de7-ad86-4252-9173-b4451a994243,
4d5a63b3-6ad5-4e14-ac7b-eb3a69fae2a5,
50e2b3f8-b9eb-4db6-b59b-baf5b33a821a,
5b0f99ed-9814-4263-ad37-00b588051193,
27bed16b-ff4f-401d-96de-6bf758febde3,
de108762-fbe2-4a89-9bad-a9085f4dbd86,
e6085fb2-75f6-4654-baa8-0e8de37c0417,
f25bdf9b-4f46-4d8a-aaee-0d8d0a91e078,
523e7396-5017-4978-8452-c02b20f2251c,
32b17e9a-9f4c-4340-aa69-24f10eff0c1b,
1e194faa-143a-4733-8ecf-bba1d4275b27,
cd5cee37-6b22-4ac8-b6c0-cbc8a33ea873,
478f5f76-ca61-4074-921d-5c93725df5cd,
024956f2-b780-4781-ad19-cbc1b75c40eb,
59387ceb-7fb2-4279-b823-d934d93213c9,
76e33154-8fa1-4d6b-8bbf-ba167afe18ec,
f60a6d0f-09d4-44a8-ac7e-7dac77f96af7,
9cc8b09f-49b7-4d4b-b347-cdda2480726d,
a35485fa-52a1-40d3-9429-6373ab952627,
ba5df286-6922-4e2c-a407-a24ec29412af,
c2725bee-738e-4a74-89fe-a47b4c32c0b0,
6b24592a-09c7-4473-ac9c-73f4b396f8fa,
2139f484-1c40-4ace-b7bd-8df12d365002,
a8a46f6e-e265-42f9-bfa4-fb02ee4dfe11,
3fa40041-8df1-4e21-ac6b-0162c24db5da,
ac4b99b2-c441-4870-bd23-a2f1d78e0483,
1af3971a-7a18-4f1a-8976-41c8d99fd62e,
